"first_name","last_name","job_title","department","email","address","phone_number","salary","employee_id"
"Danielle","Johnson","Haematologist","Financial risk analyst","donaldgarcia@example.net","New Roberttown","833-589-0838","58878","HBRPOIG8F1"
"Bridget","Pacheco","Accounting technician","Designer, jewellery","jpeterson@example.org","Curtisfurt","855-394-0781","72357","CBFNO6B9M8"
"Kelly","Fuller","Medical illustrator","Technical brewer","janetwilliams@example.org","Traciebury","664-375-2553","79840","0O2RAK1VRJ"
"Cynthia","Ferguson","Financial risk analyst","Development worker, community","ogray@example.net","Lake Mark","001-903-405-6413x95376","34718","NVGFYGWWQC"
"Donald","Mcgee","Solicitor","General practice doctor","zhurst@example.com","East William","801-922-6916","69352","38HYF9SXME"
"John","Tran","Administrator, arts","Colour technologist","kayla51@example.com","Mooretown","001-248-728-1489x3252","64042","COSFOGYR3X"
"Andrew","Hickman","Information systems manager","Film/video editor","allenashley@example.org","Lake Toddland","001-682-827-8248x96383","88039","KXWNREK8PK"
"Debra","Kim","Scientist, forensic","Production engineer","wrightcaleb@example.org","New Jeffrey","603-910-5183","28080","3YR9OUDOCU"
"Amber","Cummings","Teacher, English as a foreign language","Technical author","esanchez@example.com","North Collin","(956)467-0106x51333","55296","ZRENUN5Z3J"
"Isaiah","Ford","Call centre manager","Probation officer","williamsyvette@example.org","Port Melindaburgh","(977)436-0260x64746","24890","QIP98Q1ZXO"
"Kenneth","Novak","TEFL teacher","Special effects artist","adkinsbrian@example.net","Shawhaven","(808)312-1913","74668","I65FDHJK1E"
"John","Wheeler","Water quality scientist","Ceramics designer","ksandoval@example.net","Sarahborough","+1-353-346-2475x10799","70468","YY37Q9AH8R"
"Jason","Baker","Magazine journalist","Broadcast presenter","mikemoore@example.net","Cherylhaven","4846124118","36930","VHS1K3AQ6L"
"Cassandra","Robbins","Engineer, electronics","Geneticist, molecular","dking@example.org","Calderonton","2523427868","9862","6GT6MJXK87"
"Sierra","Vazquez","Database administrator","Sports administrator","davenportbrandi@example.org","Andersonport","(405)433-1586x923","54040","AU5BHXTPDP"
"Angel","Doyle","Learning mentor","Paramedic","josephcobb@example.org","Brennanfort","837.754.3303","36517","FF5E8II49K"
"Michelle","Rasmussen","Health promotion specialist","Make","ifrazier@example.com","North Natalieview","(894)301-9655","50488","Q71N8MTZX2"
"Rachel","Lee","Armed forces operational officer","Press photographer","meyerlindsay@example.net","West Ryan","+1-559-851-4846x56482","87153","72HPOEVB9O"
"Shelby","Byrd","Ecologist","Warden/ranger","richard04@example.com","South Kristi","+1-757-377-3872x148","98453","OAEDOECVE6"
"Jimmy","Collins","Engineer, civil (contracting)","Data processing manager","williamstracey@example.net","South Robertshire","567.463.2016","91214","PR5N8I4P40"
"April","Williams","Fisheries officer","Community development worker","danderson@example.net","Stephaniemouth","+1-986-587-2774x348","35992","MGG1W103DG"
"Scott","Reeves","Farm manager","Glass blower/designer","luis81@example.org","East Patrick","(231)566-5876","55069","DZVGPMM82I"
"Perry","Carrillo","Advertising account planner","Teaching laboratory technician","wwoods@example.com","Castanedachester","+1-289-837-3467","44057","1LR3PE29GD"
"Elizabeth","Yates","Diagnostic radiographer","Psychologist, sport and exercise","tinaferguson@example.com","North Dawnberg","820.646.5375x564","10735","8AFPK054NZ"
"Thomas","Curry","Associate Professor","Maintenance engineer","debraharrington@example.net","Port Anthonybury","509.923.2719","91680","DKYAYQ3S19"
"Jonathan","Wood","Trading standards officer","Training and development officer","stricklandfrank@example.com","New Anthonyport","001-366-231-9314","45508","5JMSND8DUD"
"Amanda","Stanley","Broadcast presenter","Risk manager","alexander67@example.org","Yumouth","001-626-728-4987x769","32177","D467KD6FLE"
"Mariah","Miller","Production designer, theatre/television/film","Financial planner","qhudson@example.com","Anthonymouth","(273)554-5494","11221","EPZHPCF07U"
"John","Russell","Surveyor, building control","Financial adviser","fbrewer@example.com","North Kellyfurt","001-734-995-7885x685","35509","QNUPQZIT3U"
"Kristopher","Hall","Engineer, automotive","Interpreter","newtonstephanie@example.net","East Javier","249.489.4134x3524","35954","EA3GE8N6QI"
"Brandon","Brown","Horticulturist, commercial","Computer games developer","agarcia@example.net","Taylormouth","620-347-1167x19022","32530","WEPXSK28T7"
"David","Duran","Trading standards officer","Therapist, occupational","kimberlyjames@example.com","Michellechester","399-409-1334x1232","350","A9TGIQHG9J"
"Ricky","Norris","Psychotherapist, dance movement","Horticulturist, amenity","halljasmine@example.net","Jonesbury","493-661-8324x210","77993","RSNVNQ65QD"
"Kaitlyn","Carroll","Homeopath","Print production planner","harrisonkevin@example.com","Vincentfort","219.606.5940x139","75529","F1RCAVIQK2"
"Billy","Avila","Psychotherapist, dance movement","Scientist, physiological","lmoon@example.net","Waltersfort","875-965-5125","37777","919AHEJ8CX"
"Elaine","Morales","Statistician","Animator","qmiller@example.com","Port Richardhaven","9879603859","99613","9J1ICTXCWN"
"Brett","Adams","Conservator, museum/gallery","Holiday representative","fgilmore@example.org","Lake Chelseabury","001-424-980-8613x171","93926","PGW90JPKL0"
"Kelly","Thornton","Pathologist","Radiation protection practitioner","jsanchez@example.org","Leehaven","001-921-446-5840x4499","58529","BLV0PRKGYC"
"Amanda","Reed","Sub","Speech and language therapist","ugibson@example.org","New Patrick","001-360-957-6627x02895","13069","4OM3WTOOBM"
"Alicia","Bryant","Cytogeneticist","Outdoor activities/education manager","charlesharrington@example.com","Cindyfurt","+1-515-386-5780x9134","56881","ZVRERW6Z8V"
"Tiffany","Hodges","Chiropodist","Producer, radio","heatherberger@example.org","Lauraport","(856)523-8692x221","65230","BHQLQCG1WU"
"Roberta","Thomas","Psychologist, clinical","Forest/woodland manager","ascott@example.com","Ericaburgh","575-894-6474","63335","16HYMQC1A7"
"Daniel","James","Mechanical engineer","Teacher, special educational needs","victoria40@example.net","Hillshire","+1-209-674-3953x39421","57779","8MX1EVUHT6"
"Arthur","Diaz","Conservator, museum/gallery","Chemical engineer","mark62@example.org","Port Amber","(488)542-4745x171","88647","T0UZS9IM0Y"
"Jennifer","Whitney","Surveyor, hydrographic","Medical secretary","gibbsalexander@example.net","South Miguelview","001-765-513-7098","84889","LTZ9ATSN1U"
"Bryan","Colon","Immigration officer","Osteopath","taylorsophia@example.com","Wilsonbury","+1-826-375-8692","64139","322N64KFS6"
"Christina","Crosby","Health service manager","Amenity horticulturist","jeff73@example.com","Lake Michaelstad","2642317139","43713","VFPTOMJBCP"
"John","Martinez","Systems analyst","Engineer, land","gallegosangela@example.net","Port Molly","729-504-2284x21020","77182","4E30MY5ZPJ"
"Mario","Thompson","Associate Professor","Computer games developer","vfox@example.org","Weststad","891.878.3908x47007","89928","AG1OL73D9P"
"Daniel","Joseph","Producer, radio","Buyer, retail","morriseddie@example.org","Claudiashire","+1-856-398-4789","91983","H3I379U261"
"Danny","Pena","Structural engineer","Engineer, structural","ohayes@example.com","Mariafurt","(315)765-4527x11116","17054","92K42QPR75"
"Angela","Willis","Surveyor, planning and development","Surveyor, planning and development","elizabeth65@example.net","Parrishton","794-351-9832x7315","99956","PR2ESPRVU8"
"Joshua","Perez","Pilot, airline","Surveyor, mining","lynchdiane@example.net","Anthonyview","001-345-550-2296x120","49308","FIJOYJNE00"
"Robert","Peterson","Merchant navy officer","Insurance underwriter","kimberly99@example.org","East Ericton","+1-814-376-7976x43815","37125","V830DN0YBY"
"Erika","Watkins","Secretary/administrator","Insurance account manager","walkertracey@example.org","East Kevinborough","001-724-345-1076x22683","52044","4AWTY088O5"
"Michelle","Williams","Advertising account executive","Psychiatric nurse","atkinsbarbara@example.net","Mckinneychester","816-805-2975x1613","68676","OR15BYVZK3"
"Christian","Harrell","Librarian, academic","Environmental consultant","kimberly18@example.net","New Williamstad","(923)912-4329x212","98886","I8BZBF1I3L"
"Anne","Riley","Systems analyst","IT trainer","edward17@example.com","Laurashire","7586147700","10057","DQYUN3UVYR"
"Deanna","Madden","Chemical engineer","Volunteer coordinator","jford@example.net","South Reginashire","+1-435-297-8207x1518","32472","0QF4B8DWOE"
"Jasmine","Ritter","Scientist, research (physical sciences)","Scientist, research (medical)","michaelhardin@example.com","Schroederton","+1-451-751-8644x9251","40662","CBPMBJPI4H"
"Tammy","Hale","Nurse, children's","Conservation officer, nature","collinsnicholas@example.com","Lake Jacqueline","001-581-568-5054x2357","18030","N3QXKHKTGB"
"Eric","Phillips","Chiropractor","Runner, broadcasting/film/video","stanleynancy@example.net","New Nicholas","(929)627-0653","98617","TYZMEPGTHC"
"Kaitlyn","Cole","Social research officer, government","Field trials officer","tammy73@example.com","Murrayport","001-368-386-2392x40758","37363","W81XE6VA05"
"Christopher","Martin","Production assistant, television","Scientific laboratory technician","mariahdavis@example.org","Wilkersontown","(406)485-3615x30515","5020","G1X3J1L7R8"
"Justin","Gallegos","Corporate treasurer","Psychotherapist, child","fgilbert@example.org","Jasonberg","+1-298-561-4341","55027","431RUPFR2P"
"Danielle","Dean","Biomedical scientist","Clinical psychologist","bcarlson@example.net","Lake Douglas","(209)853-9621x85188","61621","3YVB5UL5NW"
"Bradley","Hughes","Midwife","Forensic scientist","kellycarlos@example.org","Port Bonniemouth","(405)385-2772","93853","QVRR9A7MFP"
"Kimberly","Ellis","Hospital doctor","Engineer, drilling","moodynina@example.com","Zacharyside","940.834.5054x1566","44438","059P452BFS"
"Terri","Crawford","Research scientist (medical)","Mental health nurse","laurie61@example.com","New Kelly","915-744-7962","58606","OZPTX497W1"
"Bobby","Berg","Manufacturing engineer","Volunteer coordinator","yhill@example.org","Lake Danastad","220.429.7021x35569","89006","9VW3RTQOHM"
"Shannon","Watson","Producer, radio","Camera operator","alyssasanders@example.net","Johnville","9275868144","80199","UH8LMN4R7S"
"Justin","Hendricks","Recycling officer","Engineer, communications","taylorcharles@example.org","Osbornmouth","+1-451-588-4422x58313","64752","GMSOXLTA8I"
"Anthony","Spencer","Merchandiser, retail","Psychologist, sport and exercise","cherylmiller@example.com","Keyfort","466.491.2517x78528","56704","RCD9SI5GAS"
"Wesley","Oneill","Company secretary","Scientist, marine","kevinmartin@example.net","West Stacey","441.443.8424x98182","86341","442VLDQ4HE"
"Claudia","Winters","Leisure centre manager","Surveyor, rural practice","bryananthony@example.org","Debrashire","(490)978-4473x64710","54476","Z5EDJJTFPH"
"Todd","Harris","Training and development officer","Cytogeneticist","michelle55@example.com","Port Mitchell","+1-415-337-1473","6632","90O7Y22T1T"
"Kelly","Cruz","Warden/ranger","Personal assistant","sydneybarrera@example.com","Jamesburgh","787.274.7016x8733","6624","DGNNQFKPL9"
"Juan","Harper","Psychotherapist, dance movement","Higher education lecturer","booneryan@example.com","Kathrynstad","3608983584","66093","EKA024SCOS"
"Shannon","Pierce","Youth worker","Tree surgeon","andersoncolin@example.com","Angelastad","001-923-498-6800x02578","79463","S3EOQM1H8O"
"Patricia","Taylor","Video editor","Investment banker, operational","phillipjensen@example.com","Williamhaven","+1-879-647-0551","95069","JRJEDKTS2H"
"Monica","Soto","Therapist, speech and language","Public relations account executive","tammy99@example.org","New Timothyhaven","+1-496-823-0913x0756","90505","3TZR6852FC"
"James","Shaw","Veterinary surgeon","Public affairs consultant","thorntonapril@example.net","Whitneyfort","665.627.8585x49733","29473","1UQBFOBRCL"
"Shelly","Hendrix","Homeopath","Engineer, maintenance (IT)","wstewart@example.net","Keithshire","+1-586-565-2404x15747","70592","472RL15F4W"
"Joseph","Hoffman","Glass blower/designer","Copywriter, advertising","gilbertbrenda@example.org","Lake Rebeccabury","+1-930-916-5712x0826","85267","0VUGKV05SZ"
"James","Maynard","IT sales professional","Higher education lecturer","velezchristopher@example.net","New Joanne","2262206724","39110","9C3FUQUHZ6"
"Ashley","Rodriguez","Legal executive","Higher education careers adviser","ihays@example.net","Smallberg","574.431.5274x20549","80079","A830DM7X52"
"Melissa","Prince","Physiotherapist","Scientist, biomedical","christopher12@example.org","Morrisbury","2466374549","85679","DNR9IS25HB"
"Michael","Young","Commissioning editor","Psychologist, occupational","erik84@example.net","Lake Sabrinaport","(993)532-7279x568","99858","PKT9A90FOH"
"John","Fischer","Ceramics designer","Secondary school teacher","xrice@example.org","North Mariahaven","598.922.5871","11919","3HJ5S6R044"
"Rachel","Griffin","Automotive engineer","Professor Emeritus","williambryant@example.org","Chambersport","001-206-340-3910x6518","61875","P39JYM6IER"
"Anthony","Ortiz","Control and instrumentation engineer","Petroleum engineer","victoria67@example.com","Millerside","(251)228-6823","39107","0V6RAST5J2"
"Steven","Ball","Photographer","Ship broker","pmorrow@example.com","Ericborough","001-210-569-0331x1907","97064","84WV98Y3UM"
"Bradley","Gonzales","Solicitor, Scotland","Engineer, water","taylorvictoria@example.org","Barbaramouth","442.883.6440","72856","PYO0CU4YYJ"
"Tyler","Compton","Museum/gallery curator","Scientist, water quality","heather62@example.com","Whiteside","833.542.7086x6882","33422","5CI6VG2G73"
"James","Lucas","Production assistant, television","Metallurgist","nicholsmaria@example.org","Nicholaston","239-583-7354","24906","AJ0JE4QVZF"
"Suzanne","Wilson","Quality manager","Financial manager","randyallen@example.com","Oscarside","+1-754-845-8771x7535","5992","V8YU58CEPS"
"Anna","Walker","Dancer","Administrator, sports","angela99@example.net","Phillipsborough","436-493-7854x77725","94412","OF1GG2KTBC"
"Amy","White","Special effects artist","Barrister's clerk","combscharles@example.net","Port Adamberg","+1-931-220-3875x0997","866","UDSWX1JP70"
"Amanda","Jenkins","Adult guidance worker","Senior tax professional/tax inspector","amanda40@example.net","Drakeburgh","718-623-3984","52022","LKLFYP5JO3"
"Christian","Chung","Psychiatric nurse","Systems analyst","veronicaperez@example.net","Lake Victoriaton","366-968-7002","56873","Q3QA3S8KE2"
